1,Sal,173468
2,Pimienta negra,170931
3,Aceite de oliva,171413
4,Cebolla,170000
5,Ajo,169230
6,Huevo,171287
7,Tomate,170457
8,Mantequilla,173410
9,Lim?n,167746
10,Zanahoria,170393
11,Cilantro,169997
12,Aceite,172357
13,Sal de mar,359145
14,Mayonesa,171009
15,Palta,171705
16,Albahaca,172232
17,Perejil,170416
18,Comino,170923
19,Pimiento rojo,170108
20,Crema,170859
21,Pure de papas,169768
22,Jugo de lim?n,167747
23,Oregano,171328
24,Queso parmesano,173431
25,Lechuga,169249
26,Queso crema,173418
27,Pimienta blanca,170933
28,Leche semidescremada,172193
29,Zapallo italiano,169291
30,Espinaca,168462
31,Champi??n,169251
32,Az?car,169655
33,Mostaza,172234
34,Aj? color,170932
35,Queso,167944
36,Berenjena,169228
37,Ceboll?n,170007
38,Ajo en polvo,171325
39,Tomate cherry,1961360
40,Almendras,170567
41,Harina,169761
42,Tomillo,170938
43,Br?coli,170379
44,Choclo,170288
45,Esp?rrago,168389
46,Vinagre manzana,173469
47,Jengibre,170926
48,Apio,169988
49,Leche evaporada,171302
50,Papa,170026
51,Merk?n,171319
52,Manzana,171689
53,Pechuga de pollo,171515
54,Vinagre,172237
55,Pimiento,170108
56,Garbanzo,173756
57,At?n,173706
58,Vainilla,173471
59,Aceite de coco,171412
60,Leche,171266
61,Queso mozzarella,170845
62,Salm?n,175138
63,Aceite de palta,173573
64,Repollo,169975
65,Aceituna,169094
66,Arvejas,170419
67,Pepino,168409
68,Porotos verdes,169961
69,Aceituna negra,169094
70,S?samo,170150
71,Linaza,169414
72,Polvo de hornear,172805
73,Canela,171320
74,Zapallo,168448
75,Curry,170924
76,Nuez moscada,171326
77,Queso cheddar,173414
78,Salsa de tomate,169074
79,Puerro,169246
80,Harina de almendra,170567
81,Pimiento verde,170427
82,Ciboulette,169994
83,Queso cabra,172197
84,Vinagre bals?mico,172241
85,Laurel,2025964
86,Cebolla morada,790577
87,Tahini,168604
88,Bicarbonato,172805
89,Vino blanco,174837
90,Cebolla en polvo,171327
91,Camar?n,175179
92,Tocino,174602
93,Carne molida,174037
94,Betarraga,169145
95,Carne,169016
96,Nueces,170182
97,Alcaparra,172238
98,Alcachofa,169205
99,Lentejas,172420
100,Miel,169640
101,Menta,173475
102,Eneldo,172233
103,Salsa inglesa,171610
104,Naranja,169919
105,Sal rosada,577350
106,Arroz,168883
107,Vinagre blanco,172237
108,Levadura,175043
109,Pimiento amarillo,169383
110,Muslo de pollo,168961
111,Vinagre de vino blanco,172237
112,Cerdo,167902
113,Eritritol,2291491
114,Harina de garbanzos,174288
115,Cusc?s,169699
116,Aj?,172098
117,Palmito,167714
118,Pan,172686
119,Anchoa,174182
120,Chalota,170499
121,Frutilla,167762
122,Poroto,169320
123,Mote,173748
124,Pasa,168075
125,Aj? verde,170497
126,Miel de maple,169661
127,Maicena,2025112
128,Jugo naranja,169044
129,Cacao en polvo,169593
130,Granada,169134
131,Tomate en tarro,170501
132,Estrag?n,170937
133,Poroto granado,175202
134,Ricotta,170851
135,Aj? en polvo,171319
136,Vino tinto,173190
137,Aj? rojo,170106
138,Jalape?o,168576
139,Leche de coco,174116
140,Pi??n,170592
141,Ch?a,170554
142,Coliflor,169986
143,Jam?n,173865
144,Pepinillo,169379
145,Amapola,171330
146,Crema de coco,170171
147,Harina de ma?z,169695
148,Ulte,170496
149,R?cula,169387
150,Paprika,171329
151,Maracuy?,169110
152,Ali?o completo,172242
153,Escalopa de carne,169429
154,Salsa tomate,170463
155,Papas fritas,169836
156,Ketchup,168556
157,Pi?a,168193
158,Pl?tano,173944
159,Ar?ndano,171711
160,Yogurt,171284
161,Cochayuyo,170091
162,Acelga,169991
163,Quinoa,168874
164,Ma?z,170288
165,Salsa de aj?,171605
166,Salsa de soya,174278
167,Caldo verduras,171180
168,Aquafaba,
169,Zapallo spaghetti,169298
170,Leche de almendra,174832
171,C?rcuma,172231
172,Az?car rubia,168833
173,Casta?as,170165
174,D?tiles,168191
175,Tomate pera,170456
176,Cebolla chalota,170499
177,Papa camote,169305
178,Ciruela,169949
179,Damasco turco,171697
180,Higos,173021
181,Zapallo camote,168472
182,Zapallo butternut,169295
183,Cardamomo,170919
184,Avena,173904
185,Mermelada frambuesa,2009683
186,Azafr?n,170934
187,Lechuga escarola,169249
188,Tortilla,175037
189,Caldo de ave,174566
190,Habas,175205
191,Grano choclo,170288
192,Tapas de empanadas,167660
193,Pesto,171582
194,Tomate roma,170457
195,Carne vegetal,169067
196,Tortilla ma?z,175036
197,Concentrado de tomate,170459
198,Crema acida,171257
199,Pan rallado,174928
200,Crema de leche,170859
201,Harina sin polvos de hornear,174928
202,Pure de zapallo,170489
203,Salvia deshidratada,170935
204,Almid?n de ma?z,2025112
205,Clara de huevo,172183
206,Pasta de aji,171605
207,Salsa de tabasco,174528
208,Lomo de ternera,168612
209,Queso azul,172175
210,Yogurt griego,171304
211,Anato,172242
212,Pescado blanco,175150
213,Fiambre de pollo,172950
214,Salchicha,174584
215,Especias italianas,172243
216,Queso provoleta,170850
217,Chorizo,173859
218,Pasta de chipotle,171604
219,Romero,171333
220,Gelatina en polvo,169599
221,Harina de coco,1888750
222,Bistec,167673
223,Caldo de carne,172923
224,Aceituna verde,169096
225,Jugo de almeja,171882
226,Pasta de curry,171183
227,Chocolate,167976
228,Semillas de zapallo,170556
229,Yema de huevo,172184
230,Mandarina,169105
231,Bacalao,171955
232,R?bano,169276
233,Chuleta de cerdo,168238
234,Uva,173040
235,Cava,
236,Pasta sin gluten,168899
237,Carne de cordero,172582
238,Rabo de ternera,1459242
239,Cebolla perla,2293594
240,Mostaza en grano,170929
241,Masa para pizza sin gluten,2304961
242,Huevo de codorniz,172191
243,Cola de langostino,2078611
244,Calamar,174223
245,Solomillo de cerdo,168371
246,Whisky,174819
247,Kanikama,1850670
248,Leche condensada ,171275
249,Manjar,173461
250,Cobertura chocolate semiamargo,169581
251,Filete,169544
252,Salsa caramelo,167743
253,Galletas,174971
254,Ostiones,174487
255,Berries,171711
256,Ralladura limón,167749
257,Marraqueta,167532
258,Reineta,173696
259,Clavo de olor,171321
260,Machas,174214
261,Plateada,172159
262,Jerez,169071
263,Salsa blanca,174525
264,Crispy,
265,Molinillo,
266,Brandyb,
267,Panqueques,
268,Ralladura naranjas,
269,Fondant,
270,Chancaca,
271,Colorante rojo,
272,Estrellas multicolor,
273,Puré lúcuma,
274,Duraznos,
275,Peras,
276,Moras,
277,Galletas champaña,
278,Pulpo,
279,Lomo liso,
280,Posta,
281,Manteca,
282,Pollo ganso,
283,Jaiba,
284,Pan integral,
285,Lomo vetado,
286,Trutros cortos,
287,Nori,
288,Cerveza,
289,Congrio,
290,Champiñones ostra,
291,Coñac,
292,Pebre,
293,Pisco,
294,Café,
295,Esencia ron,
296,Crema pastelera,
297,Manteca vegetal,
298,Pan hamburguesa,
299,Trutros pollo,
300,Oporto,
301,Almejas,
302,Merengue,
303,Cobertura chocolate blanco,
304,Bizcocho,
305,Anís estrella,
306,Ajo granulado,
307,Anís,
308,Salsa barbecue,
309,Asiento,
310,Dientes dragón,
311,Champiñones parís,
