247;Leche condensada ;171275
248;Manjar;173461
249;Cobertura chocolate semiamargo;169581
250;Filete;169544
251;Salsa caramelo;167743
252;Galletas;174971
253;Ostiones;174487
254;Berries;171711
255;Ralladura limón;167749
256;Marraqueta;167532
257;Reineta;173696
258;Clavo de olor;171321
259;Machas;174214
260;Plateada;172159
261;Jerez;169071
262;Salsa blanca;174525
263;Crispy;172806
264;Brandyb;171907
265;Panqueques;175009
266;Ralladura naranjas;169103
267;Fondant;167986
268;Chancaca;168820
269;Duraznos;169928
270;Peras;169118
271;Moras;173946
272;Galletas champaña;172086
273;Pulpo;174218
274;Lomo liso;168721
275;Posta;172122
276;Manteca;172345
277;Pollo ganso;174749
278;Jaiba;174204
279;Pan integral;168013
280;Lomo vetado;168612
281;Trutros cortos;171515
282;Cerveza;168749
283;Congrio;171953
284;Champiñones ostra;168580
285;Coñac;174815
286;Pisco;174815
287;Café;171893
288;Esencia ron;174817
289;Crema pastelera;168772
290;Manteca vegetal;173584
291;Pan hamburguesa;172675
292;Trutros pollo;172855
293;Oporto;169071
294;Almejas;174214
295;Cobertura chocolate blanco;167571
296;Bizcocho;172707
297;Anís estrella;171316
298;Ajo granulado;171325
299;Anís;171316
300;Salsa barbecue;171325
301;Asiento;168736
302;Dientes dragón;172441
303;Champiñones parís;169251
304;agua hirviendo;174158
305;ron;174817
306;agua ;174158
307;nutella;168000
308;frutos rojo;168997
309;huesillo;169934
310;cerezas;171719
311;coco;170169
312;esencias ron;174817
313;pistachos;170184
314;brownies;172713
315;helado;168809
316;endulzante;168142
317;sucralosa;170673
318;anís semilla;171316
319;cubos hielo;
320;café granulado;171893
321;amaretto;175097
322;guindas;171719
323;licor;175097
324;salsa manjar;173461
325;esencia cola mono;173665
326;salsa frambuesas;167808
327;jalea frambuesas;
328;compota manzanas;173928
329;cacao amargo;169594
330;higos deshidratados;174665
331;picada;
332;berro;170068
333;colapez;169879
334;mariscos surtidos;174216
335;masa filo;172738
336;merluza austral;173725
337;salsa teriyaki;171167
338;polenta;168038
339;punta ganso;167673
340;pollo entero;171951
341;sémola;169715
342;mariscos;174216
343;choros;174216
344;espaguetis;169736
345;salsa pescado;174531
346;maní;172430
347;trutro pollo;173619
348;cranberries;169804
349;pasta espirales;169736
350;pan molde blanco;167532
351;fideos cabellos;169736
352;rocoto;168570
353;trigo;169720
354;hojas parra;168575
355;azáfran;170934
356;macha;174214
357;baguette;172675
358;gelatina hojas;169599
359;salsa horseradish;173472
360;achiote;172242
361;jugo piñas;167792
362;fideos ramen;169732
363;mango;169910
364;crutones;172687
365;churrascos;168634
366;prietas;171618
367;merluza;171964
368;longaniza;174584
369;trigo burgol;170287
370;palanca;174746
371;Pollo ganso;171746
372;marraquetas;167532
373;ají cacho cabra;170106
374;pan amasado;167532
375;panes ciabatta;174913
376;parra;168575
377;asado tira;173405
378;cerveza oscura;168746
379;quínoa roja;173405
380;tallarines;169736
381;pimienta cayenna;170932
382;malaya;172159
383;pasta penne;169736
384;osobuco;172649
385;callampas secas;168436
386;caldo costilla;171561
387;posta paleta;172122
388;charqui;167536
389;chuletas kayser;168238
390;fideos cabello;169736
391;tallarines arroz;169742
392;filetes pollo;172855
393;locos;174212
394;masa lasaña;168955
395;lamina lasaña;168955
396;tutros pollo;172855
397;masa hoja;172790
398;callampas deshidratadas;168436
399;champiñones ostras;168580
400;salsa ostras;174529
401;galletass;172086
402;cerveza negra;174863
403;sobrecostilla;170809
404;champiñones shitake;168436
405;champiñones shiitake;168436
406;filete corvina;175142
407;arroz silvestre;169726
408;champiñones portobello;169255
409;congrio colorado;173670
410;cabezas congrio;168034
411;cabeza pescado;168034
412;pierna cordero;174342
413;aji;170106
414;lemon grass;168573
415;tagliatelle;168955
416;ralladarura limon;167749
417;tomates deshidratados;168567
418;filetitos pollo;171515
419;diente dragón;172441
420;tilapia;175176
421;merlot;171925
422;pavo;171490
423;reinetas;171951
424;brotes arveja;170422
425;salsa champiñones;171170
426;choros zapato;174216
427;masa lasañas;168955
428;fettuccini;169736
429;filete pavo;171490
430;fettucines;169736
431;jibia;174215
432;sierra;175139
433;spaguetti;169736
434;abastero;172128
435;vienesas;174584
436;salsa babecue;174523
437;tapapecho;174740
438;marshmallows;167995
439;avena tradicional;172989