salsa de soya;salsa soya,salsa soya
abastero;abastero
aceite vegetal;aceite,aceite.,aceite maravilla,aceite vegetal
aceite de coco;aceite coco
aceite de oliva;aceite oliva
aceite de sesamo;aceite sesamo
aceitunas;aceitunas,aceitunas
aceitunas verdes;aceitunas verdes
acelga;acelga,acelgas
aceto balsamico;aceto balsamico
agua;agua,agua hirviendo,aqua
aji amarillo;aj,aji,aji amarillo,
pasta de aji amarillo;pasta aji amarillo
salsa de aji amarillo;salsa aji amarillo
aji de cacho de cabra;aji cacho cabra
aji de color;aji color,aji color gourmet,aji de color,paprika
aji rojo;aji rojo
aji verde;aji verde
ajo;ajo.,ajos,ajo
ajo granulado;ajo granulado
cafe granulado;cafe granulado
ajo en polvo;ajo polvo
albahaca;albahaca
alcachofas;alcachofas
alcaparras;alcaparras,alcaparras gourmet
aliño;alino
almejas;almejas
almedras;almendra,almendras,almendras ,almendras laminadas,almendras pistachos
leche de almendras;leche almendras
almidon de maiz;almidon maiz,almidon maiz.,maicena,maicena.,fecula maiz
amapola;amapola,
amaretto;amaretto,
anchoas;anchoas,
anis;anis,anis estrella,anis semilla,
apio;apio,
arandanos;arandanos
arroz;arroz
arroz arboreo;arroz arboreo,arroz arborio
arroz basmati;arroz basmati
arroz integral;arroz integral
arroz silvestre;arroz silvestre
arvejas;arveja,arvejas,arvejitas,brotes arveja
asado tira;asado tira
asiento;asiento
atun;atun,lata atun,tarro atun
avnea;avena,avena tradicional
azafran;azafran
azucar;azucar,azucar blanca,azucar fina,azucar granulada
azucar flor;azucar flor
azucar morena;azucar morena
azucar rubia;azucar rubia
baguette;baguette
base de bizcocho;base bizcocho vainilla,bizcocho
batido;batido
berenjena;berenjena,berenjenas
berries;berries,cranberries,frutos rojo
berro;berro
beterraga;betarragas
bicarbonato de sodio;bicarbonato,bicarbonato gourmet,bicarbonato sodio
brandy;brandy
brocoli;brocoli
brownies;brownies
cabeza de pescado;cabeza pescado,cabezas congrio
caldo de pescado;caldo pescado
cacao amargo;cacao amargo,cacao amargo polvo
cafe;cafe,cafe polvo,
calamar;calamares
caldo de ave;caldo,caldo ave,caldo de ave,caldo pollo,caldo polvo
caldo de carne;caldo carne,caldos carne,caldo costilla
carne;carne
caldo de verduras;caldo de verduras,caldo verdura,caldo verduras
callampas;callampas,callampas secas
camarones;camarones
papa camote;camote,camotes
mote;mote,mote fresco
canela;canela,canela entera
canelon;canelones
canela molida;canela molida,canela molida ,canela polvo
cardamomo;cardamomo
carne de cerdo;carne cerdo
carne de pavo;carne pavo
carne de vacuno;carne vacuno,carne molida
carne vegetal;carne vegetal
cascara de naranja;cascara naranja,cascara naranjas
naranja;naranja,naranjas
castañas caju;castanas caju
cebolla;cebolla,cebollas,cebolla picadas
cebolla en polvo;cebolla polvo
cebolla roja;cebolla roja,cebollas rojas
cebollin;cebollin,cebollines
cebolla chalota;cebolla chalota
cebolla morada;cebolla morada,cebolla moradas,cebollas moradas,
centolla;centolla
cereal de arroz;cereal arroz
cerezas;cerezas
cerveza;cerveza,cerveza negra,cerveza oscura
chalota;chalotas,chalotas picadas
champiñon;champinon,champinones
champiñon ostra;champinones ostra,champinones ostras
champiñon paris;champinones paris
champiñon shitake;champinones shiitake
salsa de champiñones;salsa champinones,
champiñones portobello;champinones portobello
chancaca;chancaca
charqui;charqui
chipotles;chipotles
chips de chocolate;chips chocolate,chips chocolate blanco,chocolate,hojas chocolate,chocolate granulados
chocolate blanco;chocolate blanco,cobertura chocolate blanco
choclo;choclillo,choclo,choclos
granos de choclo;granos choclo
chocolate amargo;chocolate amargo,chocolate granulado,chocolate leche
helado de chocolate;helado chocolate
salsa de chocolate;salsa chocolate
polvo de chocolate amargo;polvo chocolate amargo,chocolate polvo
cobertura de chocolate;cobertura chocolate leche
covertura de chocolate semiamargo;cobertura chocolate semiamargo,obertura chocolate,chocolate semiamargo,
choros;choritos,choros,choros zapato
chorizo;chorizo,chorizos
chuletas de cerdo;chuletas cerdo
chuletas kayser;chuletas kayser
churrasco;churrascos
ciboulette;ciboulette,cibuelette
cilantro;cilantro,cilantro fresco
ciruela;ciruela,ciruelas
ciruela deshidratada;ciruela deshidratada,ciruelas secas
clara de huevo;clara,claras,clara de huevo,clara huevo,clara huevos,claras de huevo,
yema de huevo;yema de huevo,yema,yemas
clavo de olor;clavo de olor
coco;coco
coco rallado;coco rallado,
colapez;colapez
coliflor;coliflor
colorante rojo;colorante rojo
comino;comino,comino molido
compota de manzana;compota manzanas
manzana;manzanas
coñac;conac
concentrado de tomate;concentrado tomate,concentrado tomates
congrio;congrio,congrio colorado
costillar de cerdo;costillar cerdo,costillas cerdo
cous cous;cous-cous,couscous
crema de leche;crema,crema ,crema leche,crema fresca,crema liquida
crema acida;crema acida
crema batida;crema batida
crema chantilly;crema chantill,crema chantilly
crema pastelera;crema pastelera
crispy;crispy
pan tostado;crutones
cubo de hielo;cubos hielo
curcuma;curcuma
curry;curry,curry gourmet,
damasco;damasco,
damasco turco;damasco turco,damascos turcos
datiles;datiles
dientes de dragon;diente dragon,dientes dragon
durazno;duraznos
endulzante;endulzante
eneldo;eneldo
escalopas;escalopas
esencia de anis;esencia anis
esencia cola de mono;esencia cola mono
esencia de limon;esencia limon
esencia de naranja;esencia naranja
esencia de ron;esencias ron,esencia ron
esencia de vainilla;esencia vainilla,vaina vainilla,vainilla
espaguetis;espaguetis,spaguetti;tallarines
esparragos;esparragos,esparragos verdes
espinaca;espinaca,espinacas
estragon;estragon
fettuccini;fettuccini,fettucines
fideos cabello de angel;fideos cabello
fideos ramen;fideos ramen
filete vacuno;filete
filete de pavo;filete pavo
filete de cerdo;filete cerdo
filete de corvina;filete corvina
pechuga de pollo;filetitos pollo,pechuga,pechugas,pechuga pollo,pechuga de pollo,pechugas pollo
flan de vainilla;flan vainilla
helado de vainilla;helado vainilla
fondant;fondant
frambuesas;frambuesas,frambuesas 
jalea de frambuesa;jalea frambuesas
salsa de frambuesa;salsa frambuesa,salsa frambuesas
mermelada de frambuesa;mermeladas frambuesas,mermelada frambuesas
frutilla;frutilla,frutillas,frutillas 
galleta;galletas
galleta de champaña;galletas champana
galleta de chocolate;galletas chocolate
galletas de mantequilla;galletas mantequilla
mantequilla;mantequilla
mantequilla de mani;mantequilla mani
garbanzos;garbanzos
gelatina;gelatina,gelatina hojas,gelatina polvo
glaseado de vainilla;glaseado vainilla
guindas;guindas
habas;habas
harina de maiz;harina,harina maiz
margarina;margarina
harina cernida;harina cernida
harina integral;harina integral
helado;helado
higos;higos
higos deshidratados;higos deshidratados
tomate deshidratados;tomates deshidratados,tomates seco,tomates secos,tomate seco
hojas de menta;hojas menta
hojas de parra;hojas parra,parra,
huesillo;huesillo
huevo;huevo,huevos
humo liquido;humo liquido
jaiba;jaiba
jamon;jamon,jamon ahumado
salmon ahumado;salmon ahumado
jamon serrano;jamon serrano,
jaraba de maiz;jarabe maiz
jengibre;jengibre,jengibre ,jengibre molido,jengibre polvo,jengribre
jerez;jerez
jibia;jibia
jugo de limon;jugo de limon,jugo limon,jugo limon a gusto
jugo de naranja;jugo naranja,jugo naranjas,jugonaranja,jugonaranjas
jugo de piña;jugo pinas
jugo de tomate;jugo tomate,jugo tomates
tomate;tomate,tomates
ketchup;ketchup
laurel;laurel
leche;leche,leche fria,leche tibia 
leche de coco;leche coco
leche condensada;leche condensada
leche descremada;leche descremada
leche entera;leche entera
leche evaporada;leche evaporada
lechuga;lechuga,lechugas
lechuga costina;lechuga costina
lechuga escarola;lechuga escarola
lemon grass;lemon grass
lentejas;lentejas
levadura;levadura,levadura ,levadura seca,levadura seco
licor;licor
licor de naranja;licor naranja
limon;limon,limones
linaza;linaza
locos;locos
lomo de cerde;lomo cerdo
lomo liso;lomo liso
lomo vetado;lomo vetado
machas;macha,machas
malaya de cerdo;malaya,malaya cerdo
mango;mango
manis;mani
manjar;manjar
manteca;manteca
manteca vegetal;manteca vegetal
manzana verde;manzana,manzana verde,manzanas verde,manzanas verdes
vinagre de manzana;vinagre manzana,vinagre manzanas
manzana deshidratada;manzana deshidratada
manzana roja;manzanas rojas
miel de maple;maple
maracuya;maracuya,pulpa maracuya
mariscos;mariscos,mariscos surtidos
marraqueta;marraqueta,marraquetas
malvavisco;marshmallows
masa de empanada;masa empanada,masa empanadas,masas empanadas
masa hoja;masa filo,masa hoja
pasas;pasas
mayonesa;mayonesa
mayonesa vegana;mayonesa vegana
menta;menta
merengue;merengue
merlot;merlot
merluza;merluza austral
mermelada;mermelada
merquen;merquen,merquen gourmet
miel;miel
moras;moras
mostaza;mostaza,mostaza dijon
queso mozzarella;mozzarella,queso mozarella,queso mozzarella,queso mozzarrella,queso mozarella.
ralladura de naranja;ralladura naranjas,ralladura naranja
alga nori;nori
nueces;nueces,nueces picadas
nuez moscada;nuez moscada
nutella;nutella
vino oporto;oporto
oregano;oregano
osobuco;osobuco
ostiones;ostiones
palanca;palanca
papa blanca;papa blanca
palmitos;palmitos
palta;palta,palta ,palta.,paltas
pan;pan
pan amasado;pan amasado
pan blanco;pan blanco,pan molde blanco
pan de campo;pan campo
pan frica;pan frica,pan frito
pan de hamburguesa;pan hamburguesa
pan integral;pan integral
pan de molde;pan molde
pan pita;pan pita
pan rallado;pan rallado
panceta de cerdo;panceta cerdo
pan ciabatta;panes ciabatta
panqueque;panqueques
papa;papas
papas fritas;papas fritas
papaya;papayas
pasas rubias;pasas rubias
pasta de aji;pasta,pasta aji
pasta espirales;pasta espirales
pasta lasaña;pasta lasana
pasta penne;pasta penne
pavo;pavo
pebre;pebre
pechuga de pato;pechuga pato
pechuga de pavo;pechuga pavo
pepinillo;pepinillos
pepibo;pepino,pepinos
pera;peras
perejil;perejil
pescado blanco;pescado blanco
salsa pesto;pesto
picado;picado
pierna de cordero;pierna cordero
pimiento;pimento,pimenton,pimiento
pimiento ahumado;pimento ahumado,pimenton ahumado
pimiento amarillo;pimento amarillo,pimento amarillos,pimiento amarillo
pimiento rojo;pimenton rojo ,pimeto rojo,pimiento rojo,pimiento rojos,pimento rojo,pimento rojos,pimenton rojo
pimiento verde;pimento verdes,pimenton verde,pimiento verde,pimento verde
pimienta;pimienta,pimienta ,pimienta blanca
pimienta cayena;pimienta cayena,pimienta cayenna
pimienta negra;pimienta negra,pimienta negro,pimientas negra,pimita negra
salsa de pimienta;salsa pimienta
piña;pina
pisco;pisco
pistachos;pistachos
platano;platano,platanos
plateada;plateada
polenta;polenta
pollo;pollo,pollo entero,
repollo;repollo
pollo ganso;pollo ganso
polvos de hornear;polvo hornear,polvos hornear
porotos verde;poroto verde,porotos verde,porotos verdes
porotos;porotos,
porotos negros;porotos negros
porotos granados;porotos granados
posta negra;posta,posta negra
posta paleta;posta paleta
posta rosada;posta rosada
prieta;prietas
puerro;puerro,puerros
pulpa de cerdo;pulpa cerdo
pulda de lucuma;pulpa lucuma
pulpa de tomate;pulpa tomate
pulpo;pulpo
punta de ganso;punta ganso
pure de lucuma;pure lucuma
pure de tomates;pure tomates
queso roquefort;queso,queso roquefort
queso cabra;queso cabra
queso cheddar;queso cheddar
queso crema;queso crema
queso feta;queso feta
queso gauda;queso gauda
queso gruyere;queso gruyere
queso mantecoso;queso mantecoso
queso parmesano;queso parmesano
queso ricotta;queso ricotta,ricotta,ricota
quinoa;quinoa
ralladura de limon;ralladura limon
reineta;reineta,reinetas
repollo chino;repollo chino
rocoto;rocoto
romero;romero
ron;ron
rucula;rucula
sal;sal,sal ,salo,salt,sal mar
salmon;salmon
salsa de aji;salsa aji
salsa de ajo;salsa ajo,salsa de ajo
salsa barbecue;salsa babecue,salsa barbecue
salsa blanca;salsa blanca
salsa de caramelo;salsa caramelo
salsa de carne;salsa carne
salsa de queso;salsa queso
salsa de frutilla;salsa frutilla
salsa de horseradish;salsa horseradish
salsa inglesa;salsa inglesa
salsa de manjar;salsa manjar
salsa de ostras;salsa ostras
salsa de pescado;salsa pescado
salsa teriyaki;salsa teriyaki
salsa de tomate;salsa tomate,salsa tomates,salsa tomates
salvia;salvia
semilla de sesamo;semilla sesamo,semillas sesamo,sesamo,sesamos,sesamo tostado,
semilla de amapola;semillas,semillas amapola
semola;semola
sesamo blanco;sesamo blanco,
sierra;sierra
sobrecostilla;sobrecostilla
sofrito;sofrito
solomillo;solomillo
tomillo;tomillo
sucralosa;sucralosa
tagliatelle;tagliatelle
tahini;tahini
tallarines de arroz;tallarines arroz,
tapapecho;tapapecho
tilapia;tilapia
tocino;tocino,tocinos,tocino crocante
tomate cherry;tomate cherry,tomates cherry,tomatitos cherry
tomate pera;tomates pera
tomate de tarro;tomates tarro
tortilla de maiz;tortilla,tortilla maiz,tortilla tacos,tortillas,tortilla mexicana,
trigo;trigo,
trigo burgol;trigo burgol
truto de pollo;trutro pollo,trutros pollo,tutros pollo
yogurt de vainilla;yogurt vainilla
vainilla bourbon;vainilla bourbon
vienesa;vienesas
vinagre de vino;vinagre,vinagre vino
vinagre de arroz;vinagre arroz
vinagre balsamico;vinagre balsamico
vinagre de vino blanco;vinagre blanco,vinagre blando
vino blanco;vino blanco
vino tinto;vino,vino tinto
yoghurt natural;yoghurt natural,yogurt natural,yogurt natural ,yogurt naturale,yogurts naturales,yogurt,yogurt,yogurt griego 
yogurt eneldo;yogurt eneldo
zanahoria;zanahoria,zanahorias
zapallo amarillo;zapallo,zapallo amarillo
zapallo butternut;zapallo butternut
zapallo camote;zapallo camote,zapallo camotes
zapallo italiano;zapallo italiano,zapallo italianos,zapallos italianos
zapallo spaghetti;zapallo spaghetti
