Molde de Arroz;2;0
Ensalada de Coleslaw;2;0
Ensalada Chilena;2;0
Ensalada Griega;2;0
Torta de Panqueques Salada;2;0
Wrap de Ensalada Griega;2;0
Ensalada de Porotos Granados;2;0
Camarones al Pil Pil;2;0
Choclos a la Parrilla con Soya y Ají;2;0
Crema de espinacas casera;2;0
Budín de Zapallito Italiano;2;0
Crema de Arvejas con Tocino;2;0
Kubbhe;2;0
Pulpo al Olivo;2;0
Crema de Choritos;2;0
Hojitas de parra y repollo rellenas;2;0
Tarta de zapallo y cebolla caramelizada;2;0
Budín de Zapallo Italiano;2;0
Tarta de Tomates;2;0
Ceviche de Champiñones;2;0
Empanadas Salteñas;2;0
Crema de Verduras;2;0
Bisque de Camarones;2;0
Camarones en Salsa de Anís;2;0
Jamón de Pavo Acaramelado con Clavos de Olor;2;0
Tataki de Res en Costra de Hierbas;2;0
Pastel de Pescado;2;0
Wrap de Pollo al Cardamomo;2;0
Crema de Lentejas al Curry;2;0
Curry de Pollo con Pan Indio;2;0
Ostiones a la Parmesana;2;0
Terrina de Verduras Asadas;2;0
Quiche de Cebolla y Ricotta;2;0
Tortilla Gourmet;2;0
Wrap de Pollo;2;0
Wrap de Atún;2;0
Tortilla de Papas;2;0
Quiche de Atún;2;0
Empanadas de Pino;2;0
Empanadas Fritas de Pino;2;0
Empanadas de Mariscos;2;0
Crema de Zapallo Camote;2;0
Camarones en Salsa;2;0
Tortilla de Acelga;2;0
Sopa Toscana de Porotos;2;0
Zapallo Spaghetti con Tomate Cherry y Albahaca;2;0
Pollo Relleno con Champiñones;2;0
Sándwich de Carne Mechada con cebolla...;2;0
Ciabatta de Jamón Serrano;2;0
Ratatouille;2;0
Medallones de Filete con Tocino, Papas Gajo y...;2;0
Parrilla de Verduras Asadas;2;0
Ñoquis de Papa y Ricota con Salsa de Salmón...;2;0
Zapallitos Italianos Rellenos con Pesto de...;2;0
Tallarines Salteados con Ragú de Callampas y...;2;0
Charquicán;2;0
Arroz Primavera;2;0
Ají de Gallina;2;0
Canelones de Zapallo;2;0
Pastel de Salmón, Camarones y Papas;2;0
Risotto con Camarones, Espárragos, Chalotas y...;2;0
Guiso de Verduras;2;0
Pulpa de Cerdo al Horno con Cerveza y Clavo de...;2;0
Filete Relleno de Queso Mozzarella y Jamón...;2;0
Suprema de Pollo Rellena con Queso Crema y...;2;0
Lomo Vetado a la Pimienta con Trilogía de...;2;0
Corvina con Costra de Hierbas y Mouselina de...;2;0
Trutros Cortos de Pollo Asados con Arroz...;2;0
Ravioles Rellenos con Zapallo y Nueces en Salsa...;2;0
Filete en Salsa a las 3 Pimientas con Gratín de...;2;0
Curry de Verduras;2;0
Pollo Arvejado;2;0
Pizza al Estilo Chicago con Espinacas y...;2;0
Pavo Marinado con Hierbas y Almendras con...;2;0
Risotto de Champiñones;2;0
Reineta Grillada con Salsa Verde y Puré al...;2;0
Receta Pescado Frito;2;0
Pollo al Coñac;2;0
Lasaña de Berenjenas;2;0
Cazuela de Vacuno;2;0
Waffles con Chips de Chocolate y Salsa Fudge;2;0
Granola;2;0
Leche Asada Vegana;2;0
Queque de Manzana;2;0
Galletas Navideñas;2;0
Queque de Chocolate;2;0
Rollos de Canela;2;0
Cupcakes de Pie de Limón Decorados;2;0
Queque de Naranja;2;0
Galletas de Maicena;2;0
Torta de Trufa;2;0
Torta de Chocolate Decorada;2;0
Cupcakes Rellenos con Ganache;2;0
Galletas de Almendras y Limón bañadas en...;2;0
Galletas de Jengibre;2;0
Queque de Plátano;2;0
Panqueques de Avena;2;0
Queque de Zanahoria;2;0
Panqueques con Manjar y Crema;2;0
Torta Panqueque Naranja;2;0
Tutti Frutti de Frutos Secos;2;0
Capuccino Helado;2;0
Panqueques con Salsa de Naranja;2;0
Pan Árabe Plano;2;0
Botana de Queso con Nuez;2;0
Ensalada keto de atún con alcaparras;2;0
Ostiones Acaramelados al Anís con Ensalada de...;3;0
Steaks de Coliflor con BBQ Merquén;3;0
Couscous con Zanahorias y Cilantro;3;0
Fritatta de Cebolla, Pimentones y Queso de Cabra;3;0
Crema de Zapallo Italiano al Cardamomo con...;3;0
Machas a la Parmesana;3;0
Lentejas con Arroz;3;0
Mousse de Tres Chocolates;3;0
Crumble de Berries;3;0