Sal,none
Pimienta negra,pimienta
Aceite de oliva,aceite;oro liquido
Cebolla,none
Ajo,ajete;chalote;puerro silvestre;cebollino
Huevo,none
Tomate,jitomate
Mantequilla,none
Limón,none
Zanahoria,none
Cilantro,culantro;coriandro
Aceite,aceite de maravilla;aceite de girasol
Sal de mar,none
Mayonesa,mayo;mahonesa
Palta,abacate;aguacate;avocado;aguacates
Albahaca,basílico;albaca;alhabega
Perejil,none
Comino,none
Pimiento rojo,pimiento;morrón rojo;Pimentón rojo;pimentón
Crema,crema de leche;nata
Pure de papas,none
Jugo de limón,zumo de limón;jugo de lima
Oregano,none
Queso parmesano,parmesano
Lechuga,none
Queso crema,none
Pimienta blanca,none
Leche semidescremada,none
Zapallo italiano,zapallito;calabacita;calabacín
Espinaca,none
Champiñón,callampa;hongo;seta;hongos;setas;champiñones cremini
Azúcar,none
Mostaza,jaramago;jenape;Savora
Ají color,paprika
Queso,none
Berenjena,none
Cebollín,cebolleta;cebolla larga;cebollines
Ajo en polvo,none
Tomate cherry,tomate cherri;tomate cereza;tomate pasa;tomate uva
Almendras,none
Harina,harina sin polvos de hornear
Tomillo,none
Brócoli,brécol;bróculi
Choclo,chócolo;elote;jojoto
Espárrago,esparraguera
Vinagre de manzana,none
Jengibre,kion
Apio,celery
Leche evaporada,none
Papa,patata;patatera;patatas;
Merkén,merquen
Manzana,none
Pechuga de pollo,filete de pollo;pollo;pollo molido;pechugas de pollo
Vinagre,none
Garbanzos,none
Atún,tonina;toñina
Vainilla,esencia de vainilla;extracto de vainilla
Aceite de coco,none
Leche,none
Queso mozzarella,mozzarella
Salmón,none
Aceite de palta,aceite de aguacate
Repollo,berza;col
Aceituna,oliva
Arvejas,alverjas;chícharo;guisante
Pepino,cohombro
Porotos verdes,ejote;chaucha;habichuelas;judías verde
Aceituna negra,none
Sésamo,semillas de sésamo
Linaza,semillas de linaza;lino;semilla de lino
Polvo de hornear,polvo leudante;impulsor;polvo para hornear
Canela,canela en rama
Zapallo,calabaza;calabacera;calabaza asada
Curry,curri;curry en polvo
Nuez moscada,none
Queso cheddar,cheddar;chedar
Salsa de tomate,salsa roja;Salsa de jitomate
Harina de almendra,none
Pimiento verde,morrón verde;pimenton verde
Ciboulette,cebolla de verdeo;cebollano;ajo cebollino
Queso cabra,queso de cabra;queso blanco;queso de leche de cabra
Vinagre balsámico,aceto;aceto balsámico
Laurel,lauro
Cebolla morada,cebolla roja
Tahini,tahina
Bicarbonato,bicarbonato de sodio
Vino blanco,none
Cebolla en polvo,none
Camarón,gambas;quisquillas;esquilas
Tocino,panceta;tocineta
Carne molida,none
Betarraga,remolacha;betabel;beterava
Carne,none
Nueces,nuez
Alcaparra,none
Alcachofa,alcacil;alcaucil;alcarcil
Lentejas,none
Miel,miel de abeja
Menta,hierbabuena;mastranto;mastranzo;yerba buena
Eneldo,aneldo;abesón;hinojo hediendo;hinojo fétido
Salsa inglesa,salsa worcestershire;salsa worcester
Naranja,none
Sal rosada,sal del himalaya
Arroz,none
Vinagre blanco,none
Levadura,fermento
Pimiento amarillo,morrón amarillo;pimenton amarillo
Muslo de pollo,truto de pollo
Vinagre de vino blanco,none
Cerdo,chancho;coche;cochino;cocho;cuche;cuchi;cuino;cuto;gorrino;marrano;puerco;tunco
Eritritol,edulcorante
Harina de garbanzos,none
Cuscús,none
Ají,chile;aji en vaina
Palmito,chonta;corazon;jabato
Pan,none
Anchoa,anchoveta;bocarte;boquerón
Frutilla,fresa
Porotos,alubia;coraota;frejol;frijol;haba;habichuela;judía;frijoles
Mote,maiz mote;trigo mote
Pasas,pasa de uva;pansa;uva pasa
Ají verde,chile verde
Miel de maple,jarabe de arce;sirope de arce
Maicena,almidón de maíz;maizena;fécula de maíz
Jugo de naranja,none
Cacao en polvo,cacao
Granada,none
Tomate en tarro,none
Estragón,dragoncillo;tarragón
Porotos granados,judía verde;vainica;vainita
Ají en polvo,none
Vino tinto,vino
Ají rojo,none
Jalapeño,chile jalapeño;chile cuaresmeño
Leche de coco,none
Piñón,none
Coliflor,none
Jamón,pernil;jamón york;jamoneta
Pepinillo,none
Amapola,amapola silvestre
Crema de coco,none
Harina de maíz,none
Ulte,lembo;lunfo;raguay
Rúcula,arúgula;rúgula
Maracuyá,calala;chinola;parchío;parchita
Escalopa de carne,escalope;milanesa
Papas fritas,papas a la francesa;papitas;patatas fritas
Ketchup,catchup;cátsup
Piña,ananá
Plátano,banana;cambur;guineo
Arándano,cranberries
Yogurt,yogur;yogurt con eneldo;yogur desnatado
Cochayuyo,chicoria del mar;mochoco;yuyo
Acelga,none
Quinoa,quinoa roja;quinua
Maíz,mais
Salsa de ají,none
Salsa de soya,salsa de soja
Caldo de verduras,sopa de verduras
Zapallo spaghetti,calabaza espagueti;espagueti vegetal
Leche de almendra,none
Cúrcuma,none
Azúcar rubia,azúcar morena;azúcar amarilla;azúcar negra;azúcar terciado
Castañas,none
Dátiles,dátil
Tomate pera,tomate roma
Cebolla chalota,echalote
Papa camote,papa dulce;patata dulce;camote;moniato;boniato;batata
Ciruela,none
Damasco turco,none
Higo,none
Zapallo camote,none
Zapallo butternut,calabaza moscada;calabaza gramma
Cardamomo,grana del paraíso
Avena,avena tradicional
Mermelada de frambuesa,mermelada de parrón
Azafrán,none
Tortilla,none
Caldo de ave,consomé de ave;caldo de pollo;consomé de pollo
Habas,none
Granos de choclo,granos de elote;grano de chócolo;granos de jojoto
Tapas de empanadas,masa de empanada
Pesto,none
Carne vegetal,none
Tortilla de maíz,memela
Concentrado de tomate,none
Crema ácida,crema agria
Pan rallado,pan molido
Puré de zapallo,pure de ahuyama
Salvia deshidratada,salvia
Clara de huevo,none
Pasta de ají,none
Salsa de tabasco,tabasco
Lomo de ternera,solomillo;solomillo de ternera
Queso azul,none
Yogurt griego,yogurt natural
Achiote,aliño completo;aliño completo;anato
Pescado blanco,pescado
Fiambre de pollo,none
Especias italianas,none
Queso provoleta,none
Chorizo,longaniza
Pasta de chipotle,none
Romero,none
Harina de coco,none
Bistec,none
Caldo de carne,sopa de vacuno;sopa de carne
Aceituna verde,none
Jugo de almeja,none
Pasta de curry,none
Chocolate,none
Semillas de zapallo,semillas de calabaza;Semillas de calabacera
Yema de huevo,none
Mandarina,naranja mandarina;tangerina;tanjorona
Bacalao,abadejo
Rábano,none
Chuleta de cerdo,chuleta de chancho;chuleta kayser
Uvas,none
Pasta sin gluten,none
Carne de cordero,none
Rabo de ternera,Rabo de toro;Cola de ternera;Cola de toro
Cebolla perla,none
Mostaza en grano,none
Masa para pizza sin gluten,none
Huevo de codorniz,none
Cola de langostino,none
Calamar,none
Solomillo de cerdo,Lomo de cerdo;Solomillo de chancho;Filete de cerdo;Filete de chancho
Whisky,none
Kanikama,palito de cangrejo;bocas de mar
Leche condensada,none
Manjar,Arequipe;Cajeta;Manjar blanco;Dulce de leche
Cobertura de chocolate semi-amargo,cobertura de chocolate
Filete,filete miñón;filet mignon
Salsa de caramelo,none
Galletas,none
Ostiones,ostión
Berries,frutos rojos;frutos del bosque
Ralladura de limón,ralladura de lima
Marraqueta,pan frances;pan batido
Clavo de olor,clavo
Machas,none
Plateada,tapa de asado;tapa de lomo alto
Jerez,none
Salsa blanca,salsa bechamel;bechamel;besamela
Crispy,pollo frito;crocante
Brandy,none
Panqueque,tortita;panqueca;hotcake;celestino;panqueque celestino
Ralladura de naranja,cascara de naranja
Fondant,none
Chancaca,panela;papelón;piloncillo;tapadulce
Durazno,melocotón
Pera,none
Moras,zarzamoras;murras
Galletas de champaña,none
Pulpo,cola;pólipo
Lomo liso,nueva york;bife angosto;lomo
Posta,posta negra;posta rosada
Manteca,none
Pollo ganso,redondo redondel;asado pejerrey;pulpa chorizo
Jaiba,cangrejo
Pan integral,none
Lomo vetado,bife ancho;lomo alto
Trutros cortos,tuto corto
Cerveza,none
Congrio,none
Champiñones ostra,seta ostra;hongos ostra
Coñac,none
Pisco,agua ardiente
Café,none
Esencia de ron,none
Crema pastelera,none
Manteca vegetal,none
Pan de hamburguesa,bollos de hamburguesa
Oporto,none
Almejas,none
Bizcocho,ponqué;queque;torta
Anís estrella,none
Ajo granulado,none
Anís,none
Salsa barbecue,salsa barbacoa
Asiento,none
Dientes de dragón,brotes de soya;brotes de soja
Champiñones de París,champiñón paris;champiñones pari
Ron,none
Nutella,crema de avellana
Huesillo,durazno deshidratado
Cerezas,guindas
Coco,none
Pistachos,none
Brownies,none
Helado,sorbete;crema helada;mantecado;nieve
Endulzante,none
Sucralosa,none
Semillas de anís,none
Amaretto,none
Licor,none
Esencia de cola de mono,cola de mono
Salsa de frambuesa,none
Compota de manzana,salsa de manzana;pure de manzana
Cacao amargo,none
Higo deshidratado,none
Berro,none
Colapez,cola de pescado;colapí;colapizzo;ictiocola
Masa filo,hojaldre
Merluza austral,none
Salsa teriyaki,none
Polenta,none
Punta de ganso,picanha;picaña;tapa de cuadril
Pollo entero,none
Sémola,semolina
Mariscos,none
Choros,choritos;mejillón
Salsa de pescado,none
Maní,cacahuate;cacahuete
Trutro de pollo,none
Pasta espiral,none
Pan de molde blanco,pan de molde
Ají Rocoto,none
Trigo,none
Hojas de parra,parra
Baguette,pan baguette
Salsa horseradish,salsa de rábano picante
Jugo de piña,zumo de piña;jugo de ananá
Fideos de ramen,none
Mango,none
Crutones,none
Churrasco,none
Prieta,morcilla
Merluza,none
Trigo burgol,none
Palanca,bife de vacío
Ají cacho de cabra,none
Pan amasado,none
Pan ciabatta,ciabatta
Asado de tira,tira de asado;tira de costilla;costilla cargada
Cerveza oscura,cerveza negra
Tallarines,taglierini;spaguetti
Pimienta cayenna,pimienta de cayenna;pimienta de cayena
Malaya,matambre;sobrebarriga
Pasta penne,none
Osobuco,ossobuco
Caldo de costilla,none
Posta paleta,posta de paleta
Charqui,none
Fideos cabello,cabellitos de angel
Tallarines de arroz,none
Locos,none
Láminas de lasaña,none
Masa de hoja,none
Callampas deshidratadas,callampas secas
Salsa de ostras,none
Cerveza negra,none
Sobrecostilla,asado
Champiñones shiitake,none
Filete de corvina,none
Arroz silvestre,none
Champiñones portobello,hongos portobello;hongo portobello
Congrio colorado,none
Cabeza de congrio,none
Cabeza de pescado,none
Pierna de cordero,none
Lemon grass,pasto de limón
Tagliatelle,none
Tomate deshidratado,tomate seco
Tilapia,none
Merlot,vino merlot
Pavo,none
Reineta,none
Brotes de arveja,Brotes de guisante;Brotes de alverja;Brotes de chícharo
Salsa de champiñón,salsa de setas
Choros zapato,none
Fettuccine,none
Jibia,none
Sierra,none
Abastero,none
Vienesa,salchicha
Tapapecho,none
Marshmallows,none
Salmón Ahumado,none
Lechuga costina,none
Queso ricotta,ricotta
Porotos negros,none
Salsa de ajo,none
Queso feta,none
Puerro,none
Jugo de tomate,none
Caldo de pescado,none
Pechuga de pavo,filete de pavo
Centolla,none
Salsa de queso,none
Queso gruyere,none
Pulpa de cerdo,none
Aceite de sésamo,none
Arroz basmati,none
Salsa de carne,none
Coco rallado,none
Queso roquefort,none
Canelón,none
Jamón serrano,none
Alga nori,nori
Harina integral,harina blanca integral
Azúcar flor,azúcar en polvo
Pechuga de pato,none
Mantequilla de maní,none
Chocolate amargo,none
Ciruela deshidratada,none
Vinagre de arroz,none
Arroz arbóreo,none
Puré de tomate,none
Pan pita,none
Arroz integral,none
Salsa de chocolate,none
Chocolate amargo en polvo,none
Chips de chocolate,none
Chocolate blanco,cobertura de chocolate blanco
Frambuesa,none
Merengue,none
Flan de vainilla,none
Salsa de frutilla,none
Cereal de arroz,none
Papaya,none
Licor de naranja,none
Jarabe de maíz,none
Damasco,none
Manzana deshidratada,manzana seca
Glaseado de vainilla,none
Mayonesa vegana,none
Costillar de cerdo,none
Soda,none
Galletas de soda,none
Endivia,none
Alfalfa,none
Gelatina,hojas de gelatina;gelatina en polvo
Hígado,none
Queso camembert,none
Agua mineral,none
Tequila,none
Granadina,none
Tofu,none
Tortellini,none
Trucha,none
Cereal,none
Kiwi,none
Margarina,none
Membrillo,none
Aceite de canola,none
Harina de arroz,none
Nesquik,none
Kale,none
Jugo de coco,none
Jugo de maracuyá,none
Semillas de chía,chia
Semillas de girasol,none
Té,none
Anacardos,ananacartos
Salami,none